{
  "best": "random_forest",
  "scores": {
    "logreg": {
      "accuracy": 0.9738863287250384,
      "f1": 0.9739394290367124
    },
    "svm": {
      "accuracy": 0.978494623655914,
      "f1": 0.9783140696049757
    },
    "naive_bayes": {
      "accuracy": 0.8771121351766513,
      "f1": 0.8592976617170165
    },
    "random_forest": {
      "accuracy": 0.9831029185867896,
      "f1": 0.9827732598337645
    }
  }
}