{
  "logreg": {
    "accuracy": 0.9738863287250384,
    "auc": 0.9941923774954626,
    "report": {
      "0": {
        "precision": 0.9854545454545455,
        "recall": 0.9836660617059891,
        "f1-score": 0.9845594913714805,
        "support": 551.0
      },
      "1": {
        "precision": 0.9108910891089109,
        "recall": 0.92,
        "f1-score": 0.9154228855721394,
        "support": 100.0
      },
      "accuracy": 0.9738863287250384,
      "macro avg": {
        "precision": 0.9481728172817282,
        "recall": 0.9518330308529945,
        "f1-score": 0.94999118847181,
        "support": 651.0
      },
      "weighted avg": {
        "precision": 0.9740008655243405,
        "recall": 0.9738863287250384,
        "f1-score": 0.9739394290367124,
        "support": 651.0
      }
    }
  },
  "svm": {
    "accuracy": 0.9815668202764977,
    "auc": 0.9959528130671507,
    "report": {
      "0": {
        "precision": 0.9873417721518988,
        "recall": 0.9909255898366606,
        "f1-score": 0.9891304347826086,
        "support": 551.0
      },
      "1": {
        "precision": 0.9489795918367347,
        "recall": 0.93,
        "f1-score": 0.9393939393939394,
        "support": 100.0
      },
      "accuracy": 0.9815668202764977,
      "macro avg": {
        "precision": 0.9681606819943167,
        "recall": 0.9604627949183303,
        "f1-score": 0.964262187088274,
        "support": 651.0
      },
      "weighted avg": {
        "precision": 0.9814489641157753,
        "recall": 0.9815668202764977,
        "f1-score": 0.9814904201299712,
        "support": 651.0
      }
    }
  },
  "naive_bayes": {
    "accuracy": 0.8771121351766513,
    "auc": 0.6984392014519056,
    "report": {
      "0": {
        "precision": 0.891846921797005,
        "recall": 0.9727767695099818,
        "f1-score": 0.9305555555555556,
        "support": 551.0
      },
      "1": {
        "precision": 0.7,
        "recall": 0.35,
        "f1-score": 0.4666666666666667,
        "support": 100.0
      },
      "accuracy": 0.8771121351766513,
      "macro avg": {
        "precision": 0.7959234608985024,
        "recall": 0.6613883847549908,
        "f1-score": 0.6986111111111111,
        "support": 651.0
      },
      "weighted avg": {
        "precision": 0.8623773485562977,
        "recall": 0.8771121351766513,
        "f1-score": 0.8592976617170165,
        "support": 651.0
      }
    }
  },
  "random_forest": {
    "accuracy": 0.9831029185867896,
    "auc": 0.9946460980036297,
    "report": {
      "0": {
        "precision": 0.9821428571428571,
        "recall": 0.9981851179673321,
        "f1-score": 0.9900990099009901,
        "support": 551.0
      },
      "1": {
        "precision": 0.989010989010989,
        "recall": 0.9,
        "f1-score": 0.9424083769633508,
        "support": 100.0
      },
      "accuracy": 0.9831029185867896,
      "macro avg": {
        "precision": 0.9855769230769231,
        "recall": 0.9490925589836661,
        "f1-score": 0.9662536934321704,
        "support": 651.0
      },
      "weighted avg": {
        "precision": 0.9831978697186069,
        "recall": 0.9831029185867896,
        "f1-score": 0.9827732598337645,
        "support": 651.0
      }
    }
  }
}