{
  "logreg": {
    "accuracy": 0.9723926380368099,
    "report": {
      "0": {
        "precision": 0.989010989010989,
        "recall": 0.9782608695652174,
        "f1-score": 0.9836065573770492,
        "support": 276.0
      },
      "1": {
        "precision": 0.8867924528301887,
        "recall": 0.94,
        "f1-score": 0.912621359223301,
        "support": 50.0
      },
      "accuracy": 0.9723926380368099,
      "macro avg": {
        "precision": 0.9379017209205889,
        "recall": 0.9591304347826086,
        "f1-score": 0.9481139583001751,
        "support": 326.0
      },
      "weighted avg": {
        "precision": 0.9733332994127069,
        "recall": 0.9723926380368099,
        "f1-score": 0.9727192570467198,
        "support": 326.0
      }
    }
  },
  "linear_svm": {
    "accuracy": 0.9693251533742331,
    "report": {
      "0": {
        "precision": 0.9854014598540146,
        "recall": 0.9782608695652174,
        "f1-score": 0.9818181818181818,
        "support": 276.0
      },
      "1": {
        "precision": 0.8846153846153846,
        "recall": 0.92,
        "f1-score": 0.9019607843137255,
        "support": 50.0
      },
      "accuracy": 0.9693251533742331,
      "macro avg": {
        "precision": 0.9350084222346996,
        "recall": 0.9491304347826087,
        "f1-score": 0.9418894830659537,
        "support": 326.0
      },
      "weighted avg": {
        "precision": 0.9699434728542248,
        "recall": 0.9693251533742331,
        "f1-score": 0.9695701147162714,
        "support": 326.0
      }
    }
  }
}