model,accuracy,precision,recall,f1,auc
logreg,0.9738863287250384,0.9740008655243405,0.9738863287250384,0.9739394290367124,0.9941923774954626
svm,0.978494623655914,0.9782678967423203,0.978494623655914,0.9782202938430465,0.995644283121597
naive_bayes,0.8771121351766513,0.8623773485562977,0.8771121351766513,0.8592976617170165,0.6984392014519056
random_forest,0.9831029185867896,0.9831978697186069,0.9831029185867896,0.9827732598337645,0.9946460980036297
